{
    "metrics": {
        "server_details_duration": {
            "max": 32.335125,
            "p(90)": 30.409163699999997,
            "p(95)": 31.372144349999996,
            "avg": 21.0731819,
            "min": 12.796644,
            "med": 21.615247500000002
        },
        "checks": {
            "passes": 30,
            "fails": 0,
            "thresholds": {
                "rate>0.99": false
            },
            "value": 1
        },
        "http_req_blocked": {
            "avg": 0.017951064516129038,
            "min": 0.002509,
            "med": 0.0046,
            "max": 0.281863,
            "p(90)": 0.00644,
            "p(95)": 0.0740105
        },
        "http_req_connecting": {
            "avg": 0.008977193548387098,
            "min": 0,
            "med": 0,
            "max": 0.171208,
            "p(90)": 0,
            "p(95)": 0.0535425
        },
        "list_servers_duration": {
            "p(90)": 84.3313747,
            "p(95)": 84.99761185,
            "avg": 79.82626539999998,
            "min": 72.27834,
            "med": 81.803967,
            "max": 85.663849
        },
        "group_duration": {
            "min": 12.937691,
            "med": 24.548315000000002,
            "max": 86.27525,
            "p(90)": 84.0980025,
            "p(95)": 84.55395775000001,
            "avg": 40.55066716666667
        },
        "server_status_duration": {
            "med": 17.478043999999997,
            "max": 31.372554,
            "p(90)": 29.6786649,
            "p(95)": 30.525609449999997,
            "avg": 19.767642900000002,
            "min": 13.01416
        },
        "http_reqs": {
            "count": 31,
            "rate": 0.9628191760717552
        },
        "http_req_waiting": {
            "avg": 52.62030264516129,
            "min": 12.722375,
            "med": 25.429055,
            "max": 427.840529,
            "p(90)": 83.489903,
            "p(95)": 84.7714665
        },
        "errors": {
            "passes": 0,
            "fails": 10,
            "value": 0
        },
        "http_req_duration{expected_response:true}": {
            "avg": 52.73867393548386,
            "min": 12.796644,
            "med": 25.517046,
            "max": 428.22799,
            "p(90)": 83.636193,
            "p(95)": 84.9235855
        },
        "http_req_sending": {
            "avg": 0.016616612903225806,
            "min": 0.010045,
            "med": 0.015627,
            "max": 0.043217,
            "p(90)": 0.020325,
            "p(95)": 0.024301999999999997
        },
        "data_sent": {
            "count": 6857,
            "rate": 212.9693900104524
        },
        "vus": {
            "value": 1,
            "min": 1,
            "max": 1
        },
        "http_req_failed": {
            "passes": 0,
            "fails": 31,
            "thresholds": {
                "rate<0.01": false
            },
            "value": 0
        },
        "http_req_receiving": {
            "med": 0.075592,
            "max": 0.344244,
            "p(90)": 0.175552,
            "p(95)": 0.200659,
            "avg": 0.10175467741935484,
            "min": 0.052995
        },
        "iteration_duration": {
            "med": 3358.2820895,
            "max": 4008.307803,
            "p(90)": 3664.720833,
            "p(95)": 3836.5143179999995,
            "avg": 3176.5741212,
            "min": 2191.23875
        },
        "iterations": {
            "count": 10,
            "rate": 0.31058683099088874
        },
        "api_read_duration": {
            "p(90)": 83.5272579,
            "p(95)": 83.93711395,
            "avg": 40.22236340000001,
            "min": 12.796644,
            "med": 24.390211,
            "max": 85.663849
        },
        "http_req_tls_handshaking": {
            "max": 0,
            "p(90)": 0,
            "p(95)": 0,
            "avg": 0,
            "min": 0,
            "med": 0
        },
        "data_received": {
            "count": 538577,
            "rate": 16727.492367457988
        },
        "vus_max": {
            "value": 1,
            "min": 1,
            "max": 1
        },
        "http_req_duration": {
            "p(95)": 84.9235855,
            "avg": 52.73867393548386,
            "min": 12.796644,
            "med": 25.517046,
            "max": 428.22799,
            "p(90)": 83.636193,
            "thresholds": {
                "p(95)<500": false,
                "p(99)<1500": false
            }
        }
    },
    "setup_data": {
        "session": {
            "token": "ptlc_CMnVpS17utremKIboJhm0rl2AKi8cmZ0zTX1CuYMzwh",
            "type": "api-key",
            "baseUrl": "http://10.10.10.12"
        },
        "startedAt": "2026-04-18T23:04:30.568Z"
    },
    "root_group": {
        "name": "",
        "path": "",
        "id": "d41d8cd98f00b204e9800998ecf8427e",
        "groups": {
            "list_servers": {
                "groups": {},
                "checks": {
                        "list 200": {
                            "passes": 10,
                            "fails": 0,
                            "name": "list 200",
                            "path": "::list_servers::list 200",
                            "id": "926e53c4ff8b967d2519d920d4145384"
                        }
                    },
                "name": "list_servers",
                "path": "::list_servers",
                "id": "6e5ad34623e0e5236a88e9481f837f73"
            },
            "server_details": {
                "path": "::server_details",
                "id": "f5a046d69381ea80d987a490c523d97a",
                "groups": {},
                "checks": {
                        "details 200": {
                            "id": "7023b60221abed16f41bb665136c3035",
                            "passes": 10,
                            "fails": 0,
                            "name": "details 200",
                            "path": "::server_details::details 200"
                        }
                    },
                "name": "server_details"
            },
            "server_status": {
                "name": "server_status",
                "path": "::server_status",
                "id": "91f7719b26080f7aa5dc17f7b426c568",
                "groups": {},
                "checks": {
                        "status 200": {
                            "passes": 10,
                            "fails": 0,
                            "name": "status 200",
                            "path": "::server_status::status 200",
                            "id": "5732b39cb76e7a32f0a91be035e4f4fd"
                        }
                    }
            }
        },
        "checks": {}
    }
}