{
    "metrics": {
        "http_req_duration{expected_response:true}": {
            "avg": 940.9122572777363,
            "min": 9.298421,
            "med": 763.130495,
            "max": 2059.564971,
            "p(90)": 1764.6322289000002,
            "p(95)": 1821.9888723999998
        },
        "http_req_waiting": {
            "p(95)": 1821.7755873999997,
            "avg": 940.7923622628322,
            "min": 9.264253,
            "med": 763.045683,
            "max": 2059.42529,
            "p(90)": 1764.3842436
        },
        "http_req_failed": {
            "passes": 0,
            "fails": 14964,
            "value": 0
        },
        "http_req_sending": {
            "min": 0.002486,
            "med": 0.0126725,
            "max": 0.135696,
            "p(90)": 0.020836700000000003,
            "p(95)": 0.023006399999999993,
            "avg": 0.013789021317829483
        },
        "data_sent": {
            "count": 3317020,
            "rate": 20722.18688335658
        },
        "http_req_receiving": {
            "med": 0.06791349999999999,
            "max": 7.49036,
            "p(90)": 0.1516414,
            "p(95)": 0.19455004999999959,
            "avg": 0.10610599358460249,
            "min": 0.012758
        },
        "server_details_duration": {
            "min": 10.431989,
            "med": 723.8200545,
            "max": 953.261266,
            "p(90)": 820.2020718,
            "p(95)": 842.0361269499999,
            "avg": 636.0553351892565
        },
        "server_status_duration": {
            "avg": 624.7027067289484,
            "min": 9.298421,
            "med": 715.483296,
            "max": 948.825212,
            "p(90)": 808.7344003000001,
            "p(95)": 832.1704424
        },
        "http_req_connecting": {
            "min": 0,
            "med": 0,
            "max": 5.730771,
            "p(90)": 0,
            "p(95)": 0,
            "avg": 0.0015475330125634852
        },
        "iteration_duration": {
            "med": 3180.0835815,
            "max": 3629.108025,
            "p(90)": 3355.1693,
            "p(95)": 3400.01270905,
            "avg": 2823.65704353007,
            "min": 85.69851
        },
        "checks": {
            "passes": 14964,
            "fails": 0,
            "value": 1
        },
        "vus_max": {
            "value": 100,
            "min": 100,
            "max": 100
        },
        "http_reqs": {
            "count": 14964,
            "rate": 93.48354984972893
        },
        "http_req_duration": {
            "avg": 940.9122572777363,
            "min": 9.298421,
            "med": 763.130495,
            "max": 2059.564971,
            "p(90)": 1764.6322289000002,
            "p(95)": 1821.9888723999998
        },
        "list_servers_duration": {
            "max": 2059.564971,
            "p(90)": 1846.0357107,
            "p(95)": 1887.4589522499998,
            "avg": 1561.9787299149966,
            "min": 63.852721,
            "med": 1705.042174
        },
        "vus": {
            "value": 1,
            "min": 1,
            "max": 100
        },
        "http_req_tls_handshaking": {
            "avg": 0,
            "min": 0,
            "med": 0,
            "max": 0,
            "p(90)": 0,
            "p(95)": 0
        },
        "iterations": {
            "count": 4988,
            "rate": 31.161183283242977
        },
        "data_received": {
            "rate": 1531957.9498133478,
            "count": 245221954
        },
        "http_req_blocked": {
            "avg": 0.005158958166265682,
            "min": 0.000622,
            "med": 0.003074,
            "max": 5.776816,
            "p(90)": 0.004874,
            "p(95)": 0.0054236999999999974
        }
    },
    "setup_data": {
        "session": {
            "baseUrl": "http://10.10.10.12",
            "token": "ptlc_CMnVpS17utremKIboJhm0rl2AKi8cmZ0zTX1CuYMzwh",
            "type": "api-key"
        },
        "startedAt": "2026-04-18T23:57:05.994Z"
    },
    "root_group": {
        "checks": {
            "list ok": {
                "fails": 0,
                "name": "list ok",
                "path": "::list ok",
                "id": "6510c1b97d1c3323e81ffdb5e5a8cad2",
                "passes": 4988
            },
            "details ok": {
                "path": "::details ok",
                "id": "06a002318a7d22884f25624db70f6440",
                "passes": 4988,
                "fails": 0,
                "name": "details ok"
            },
            "status ok": {
                "name": "status ok",
                "path": "::status ok",
                "id": "017d7c5e080cbf543220d509d2bfff42",
                "passes": 4988,
                "fails": 0
            }
        },
        "name": "",
        "path": "",
        "id": "d41d8cd98f00b204e9800998ecf8427e",
        "groups": {}
    }
}