{
    "root_group": {
        "name": "",
        "path": "",
        "id": "d41d8cd98f00b204e9800998ecf8427e",
        "groups": {},
        "checks": {
                "list ok": {
                    "name": "list ok",
                    "path": "::list ok",
                    "id": "6510c1b97d1c3323e81ffdb5e5a8cad2",
                    "passes": 4972,
                    "fails": 0
                },
                "details ok": {
                    "name": "details ok",
                    "path": "::details ok",
                    "id": "06a002318a7d22884f25624db70f6440",
                    "passes": 4972,
                    "fails": 0
                },
                "status ok": {
                    "name": "status ok",
                    "path": "::status ok",
                    "id": "017d7c5e080cbf543220d509d2bfff42",
                    "passes": 4972,
                    "fails": 0
                }
            }
    },
    "metrics": {
        "http_req_duration{expected_response:true}": {
            "med": 768.767648,
            "max": 2169.889629,
            "p(90)": 1770.1577109999998,
            "p(95)": 1833.11320575,
            "avg": 944.486443625979,
            "min": 9.518667
        },
        "data_received": {
            "count": 244435353,
            "rate": 1527565.3122861763
        },
        "http_req_receiving": {
            "avg": 0.10740507300884963,
            "min": 0.011959,
            "med": 0.0673365,
            "max": 11.420418,
            "p(90)": 0.1535255,
            "p(95)": 0.210945
        },
        "http_req_connecting": {
            "min": 0,
            "med": 0,
            "max": 6.002523,
            "p(90)": 0,
            "p(95)": 0,
            "avg": 0.0015876609010458571
        },
        "http_req_blocked": {
            "avg": 0.005200567913649765,
            "min": 0.000659,
            "med": 0.003062,
            "max": 6.067793,
            "p(90)": 0.004768,
            "p(95)": 0.0053282500000000005
        },
        "server_details_duration": {
            "avg": 639.2280635585277,
            "min": 10.769607,
            "med": 722.6984785,
            "max": 1070.954393,
            "p(90)": 832.7408942,
            "p(95)": 864.0476151
        },
        "server_status_duration": {
            "min": 9.518667,
            "med": 711.517645,
            "max": 1041.434782,
            "p(90)": 821.0300164,
            "p(95)": 851.5177216999999,
            "avg": 628.1152306415909
        },
        "vus_max": {
            "min": 100,
            "max": 100,
            "value": 100
        },
        "http_req_waiting": {
            "max": 2169.792052,
            "p(90)": 1769.9775375,
            "p(95)": 1832.78931825,
            "avg": 944.3653026459415,
            "min": 9.460289,
            "med": 768.6898544999999
        },
        "http_req_tls_handshaking": {
            "avg": 0,
            "min": 0,
            "med": 0,
            "max": 0,
            "p(90)": 0,
            "p(95)": 0
        },
        "http_req_failed": {
            "passes": 0,
            "fails": 14916,
            "value": 0
        },
        "http_reqs": {
            "count": 14916,
            "rate": 93.21550225208465
        },
        "http_req_sending": {
            "avg": 0.013735907012603953,
            "min": 0.002564,
            "med": 0.012708,
            "max": 0.099394,
            "p(90)": 0.020602000000000002,
            "p(95)": 0.022587
        },
        "iteration_duration": {
            "avg": 2834.3897223734893,
            "min": 88.352289,
            "med": 3181.257379,
            "max": 3824.007187,
            "p(90)": 3375.8018601,
            "p(95)": 3433.57991185
        },
        "vus": {
            "value": 1,
            "min": 1,
            "max": 100
        },
        "data_sent": {
            "count": 3306380,
            "rate": 20662.769665878764
        },
        "checks": {
            "passes": 14916,
            "fails": 0,
            "value": 1
        },
        "iterations": {
            "count": 4972,
            "rate": 31.071834084028215
        },
        "http_req_duration": {
            "avg": 944.486443625979,
            "min": 9.518667,
            "med": 768.767648,
            "max": 2169.889629,
            "p(90)": 1770.1577109999998,
            "p(95)": 1833.11320575
        },
        "list_servers_duration": {
            "p(90)": 1861.4157658,
            "p(95)": 1896.83333315,
            "avg": 1566.116036677793,
            "min": 64.307518,
            "med": 1706.411932,
            "max": 2169.889629
        }
    },
    "setup_data": {
        "session": {
            "baseUrl": "http://10.10.10.12",
            "token": "ptlc_CMnVpS17utremKIboJhm0rl2AKi8cmZ0zTX1CuYMzwh",
            "type": "api-key"
        },
        "startedAt": "2026-04-19T04:53:46.521Z"
    }
}