{
    "metrics": {
        "http_reqs": {
            "count": 12165,
            "rate": 76.00200135084911
        },
        "http_req_connecting": {
            "avg": 0.0019453259350595974,
            "min": 0,
            "med": 0,
            "max": 6.51664,
            "p(90)": 0,
            "p(95)": 0
        },
        "data_sent": {
            "count": 2696575,
            "rate": 16847.11029943822
        },
        "server_status_duration": {
            "avg": 764.9548580503082,
            "min": 10.681851,
            "med": 859.70991,
            "max": 1282.620247,
            "p(90)": 1024.867695,
            "p(95)": 1064.859046
        },
        "http_req_receiving": {
            "max": 6.455917,
            "p(90)": 0.1386058,
            "p(95)": 0.16278199999999995,
            "avg": 0.09650779523222329,
            "min": 0.011456,
            "med": 0.066351
        },
        "checks": {
            "passes": 12165,
            "fails": 0,
            "value": 1
        },
        "server_details_duration": {
            "avg": 789.044042927744,
            "min": 13.816825,
            "med": 882.305561,
            "max": 1276.507426,
            "p(90)": 1046.0789982000001,
            "p(95)": 1089.4138472999998
        },
        "http_req_duration{expected_response:true}": {
            "max": 2762.254178,
            "p(90)": 2177.3014294,
            "p(95)": 2258.9323080000004,
            "avg": 1160.4845637346432,
            "min": 10.681851,
            "med": 947.985207
        },
        "iterations": {
            "count": 4055,
            "rate": 25.33400045028304
        },
        "http_req_waiting": {
            "avg": 1160.374236256637,
            "min": 10.599303,
            "med": 947.929502,
            "max": 2762.145351,
            "p(90)": 2177.1665454,
            "p(95)": 2258.7666464
        },
        "list_servers_duration": {
            "avg": 1927.4547902258942,
            "min": 83.005779,
            "med": 2084.991832,
            "max": 2762.254178,
            "p(90)": 2295.9611298,
            "p(95)": 2358.2877258999997
        },
        "iteration_duration": {
            "min": 112.709177,
            "med": 3880.162357,
            "max": 4570.476905,
            "p(90)": 4165.4817382,
            "p(95)": 4259.568962300001,
            "avg": 3482.362585750927
        },
        "vus": {
            "value": 1,
            "min": 1,
            "max": 100
        },
        "http_req_failed": {
            "passes": 0,
            "fails": 12165,
            "value": 0
        },
        "vus_max": {
            "value": 100,
            "min": 100,
            "max": 100
        },
        "http_req_blocked": {
            "avg": 0.005693530538429926,
            "min": 0.000554,
            "med": 0.003107,
            "max": 6.574747,
            "p(90)": 0.004933,
            "p(95)": 0.0055358
        },
        "http_req_sending": {
            "max": 0.078745,
            "p(90)": 0.020942400000000003,
            "p(95)": 0.023187199999999984,
            "avg": 0.013819682778462907,
            "min": 0.002607,
            "med": 0.012675
        },
        "data_received": {
            "count": 187102854,
            "rate": 1168942.9808841534
        },
        "http_req_duration": {
            "max": 2762.254178,
            "p(90)": 2177.3014294,
            "p(95)": 2258.9323080000004,
            "avg": 1160.4845637346432,
            "min": 10.681851,
            "med": 947.985207
        },
        "http_req_tls_handshaking": {
            "max": 0,
            "p(90)": 0,
            "p(95)": 0,
            "avg": 0,
            "min": 0,
            "med": 0
        }
    },
    "setup_data": {
        "session": {
            "type": "api-key",
            "baseUrl": "http://10.10.10.13",
            "token": "pacc_bm6PW6wk45eEdUbLlZB8FPo5MnPYOdbgGCb6zwgwdTR"
        },
        "startedAt": "2026-04-18T22:58:08.747Z"
    },
    "root_group": {
        "name": "",
        "path": "",
        "id": "d41d8cd98f00b204e9800998ecf8427e",
        "groups": {},
        "checks": {
                "list ok": {
                    "name": "list ok",
                    "path": "::list ok",
                    "id": "6510c1b97d1c3323e81ffdb5e5a8cad2",
                    "passes": 4055,
                    "fails": 0
                },
                "details ok": {
                    "id": "06a002318a7d22884f25624db70f6440",
                    "passes": 4055,
                    "fails": 0,
                    "name": "details ok",
                    "path": "::details ok"
                },
                "status ok": {
                    "name": "status ok",
                    "path": "::status ok",
                    "id": "017d7c5e080cbf543220d509d2bfff42",
                    "passes": 4055,
                    "fails": 0
                }
            }
    }
}