{
    "metrics": {
        "vus": {
            "value": 1,
            "min": 1,
            "max": 1
        },
        "http_req_connecting": {
            "p(90)": 0,
            "p(95)": 0.042889499999999935,
            "avg": 0.007519937500000001,
            "min": 0,
            "med": 0,
            "max": 0.145328
        },
        "api_read_duration": {
            "p(90)": 2.3080358,
            "p(95)": 2.3550378,
            "avg": 1.8578245999999998,
            "min": 0.979093,
            "med": 1.9433755000000001,
            "max": 4.404267
        },
        "errors": {
            "passes": 0,
            "fails": 10,
            "value": 0
        },
        "checks": {
            "fails": 0,
            "passes": 31,
            "thresholds": {
                "rate>0.99": false
            },
            "value": 1
        },
        "data_received": {
            "count": 54859,
            "rate": 1700.3115552995607
        },
        "http_req_receiving": {
            "avg": 0.04910115625,
            "min": 0.0283,
            "med": 0.04471,
            "max": 0.088059,
            "p(90)": 0.0743376,
            "p(95)": 0.0825843
        },
        "list_servers_duration": {
            "avg": 1.9833724000000004,
            "min": 1.774839,
            "med": 1.9508475,
            "max": 2.305898,
            "p(90)": 2.1653477,
            "p(95)": 2.23562285
        },
        "http_req_duration{expected_response:true}": {
            "min": 0.979093,
            "med": 1.999353,
            "max": 59.68323,
            "p(90)": 2.3727044000000004,
            "p(95)": 3.3215870499999984,
            "avg": 3.6829289375000003
        },
        "vus_max": {
            "value": 1,
            "min": 1,
            "max": 1
        },
        "iterations": {
            "count": 10,
            "rate": 0.30994213443547286
        },
        "http_req_tls_handshaking": {
            "med": 0,
            "max": 0,
            "p(90)": 0,
            "p(95)": 0,
            "avg": 0,
            "min": 0
        },
        "http_req_waiting": {
            "min": 0.93714,
            "med": 1.936236,
            "max": 59.554767,
            "p(90)": 2.2833909,
            "p(95)": 3.2427364999999986,
            "avg": 3.616724874999999
        },
        "iteration_duration": {
            "avg": 3219.976535,
            "min": 2189.083991,
            "med": 3167.9035655,
            "max": 4164.089695,
            "p(90)": 4085.7489115,
            "p(95)": 4124.91930325
        },
        "http_reqs": {
            "count": 32,
            "rate": 0.9918148301935132
        },
        "group_duration": {
            "min": 1.101951,
            "med": 2.108048,
            "max": 4.563356,
            "p(90)": 2.4713917999999997,
            "p(95)": 2.5080842999999997,
            "avg": 2.0107008
        },
        "server_details_duration": {
            "p(90)": 1.4059534,
            "p(95)": 1.4882197,
            "avg": 1.2333697000000001,
            "min": 0.979093,
            "med": 1.2182149999999998,
            "max": 1.570486
        },
        "http_req_failed": {
            "passes": 0,
            "fails": 32,
            "thresholds": {
                "rate<0.01": false
            },
            "value": 0
        },
        "server_status_duration": {
            "avg": 2.3567317,
            "min": 1.996868,
            "med": 2.1077885,
            "max": 4.404267,
            "p(90)": 2.580403499999999,
            "p(95)": 3.492335249999998
        },
        "http_req_duration": {
            "p(90)": 2.3727044000000004,
            "p(95)": 3.3215870499999984,
            "avg": 3.6829289375000003,
            "min": 0.979093,
            "med": 1.999353,
            "max": 59.68323,
            "thresholds": {
                "p(95)<500": false,
                "p(99)<1500": false
            }
        },
        "http_req_blocked": {
            "min": 0.003034,
            "med": 0.004675,
            "max": 0.180998,
            "p(90)": 0.006328900000000001,
            "p(95)": 0.06354629999999992,
            "avg": 0.014076937499999997
        },
        "http_req_sending": {
            "p(95)": 0.02529909999999999,
            "avg": 0.01710290625,
            "min": 0.010616,
            "med": 0.0162495,
            "max": 0.046461,
            "p(90)": 0.020685400000000003
        },
        "data_sent": {
            "count": 6801,
            "rate": 210.7916456295651
        }
    },
    "setup_data": {
        "session": {
            "baseUrl": "http://10.10.10.14:8080",
            "token": "7c75ad66-23e0-491e-be17-31646902656a",
            "type": "bearer-token"
        },
        "startedAt": "2026-04-19T01:55:10.580Z"
    },
    "root_group": {
        "groups": {
            "setup": {
                "name": "setup",
                "path": "::setup",
                "id": "5c0f8025f7e0b6654089e5b00e950f1a",
                "groups": {},
                "checks": {
                        "oauth2 token success": {
                            "name": "oauth2 token success",
                            "path": "::setup::oauth2 token success",
                            "id": "758aba9aaf088620f357be4ec842dc84",
                            "passes": 1,
                            "fails": 0
                        }
                    }
            },
            "list_servers": {
                "name": "list_servers",
                "path": "::list_servers",
                "id": "6e5ad34623e0e5236a88e9481f837f73",
                "groups": {},
                "checks": {
                        "list 200": {
                            "path": "::list_servers::list 200",
                            "id": "926e53c4ff8b967d2519d920d4145384",
                            "passes": 10,
                            "fails": 0,
                            "name": "list 200"
                        }
                    }
            },
            "server_details": {
                "name": "server_details",
                "path": "::server_details",
                "id": "f5a046d69381ea80d987a490c523d97a",
                "groups": {},
                "checks": {
                        "details 200": {
                            "name": "details 200",
                            "path": "::server_details::details 200",
                            "id": "7023b60221abed16f41bb665136c3035",
                            "passes": 10,
                            "fails": 0
                        }
                    }
            },
            "server_status": {
                "checks": {
                    "status 200": {
                        "name": "status 200",
                        "path": "::server_status::status 200",
                        "id": "5732b39cb76e7a32f0a91be035e4f4fd",
                        "passes": 10,
                        "fails": 0
                    }
                },
                "name": "server_status",
                "path": "::server_status",
                "id": "91f7719b26080f7aa5dc17f7b426c568",
                "groups": {}
            }
        },
        "checks": {},
        "name": "",
        "path": "",
        "id": "d41d8cd98f00b204e9800998ecf8427e"
    }
}