{
    "metrics": {
        "http_req_failed": {
            "passes": 0,
            "fails": 111337,
            "value": 0
        },
        "list_servers_duration": {
            "med": 122.984654,
            "max": 481.294497,
            "p(90)": 221.1317624000001,
            "p(95)": 251.18735779999992,
            "avg": 126.12902235390143,
            "min": 1.21024
        },
        "iteration_duration": {
            "p(90)": 573.3364879000001,
            "p(95)": 624.2406464,
            "avg": 377.6920571442904,
            "min": 3.090664,
            "med": 395.8618235,
            "max": 942.490456
        },
        "http_req_connecting": {
            "p(95)": 0,
            "avg": 0.00016190685037319134,
            "min": 0,
            "med": 0,
            "max": 5.731779,
            "p(90)": 0
        },
        "http_req_duration{expected_response:true}": {
            "med": 121.631958,
            "max": 498.711205,
            "p(90)": 226.7215682000001,
            "p(95)": 257.6509504,
            "avg": 125.7833446361872,
            "min": 0.503766
        },
        "server_details_duration": {
            "max": 416.023066,
            "p(90)": 201.5070829,
            "p(95)": 230.4064125,
            "avg": 107.71106022014322,
            "min": 0.503766,
            "med": 102.0706955
        },
        "iterations": {
            "count": 37112,
            "rate": 231.85463059429924
        },
        "data_received": {
            "count": 186150367,
            "rate": 1162961.4296124766
        },
        "vus": {
            "max": 100,
            "value": 1,
            "min": 1
        },
        "http_req_blocked": {
            "avg": 0.0026337416941358332,
            "min": 0.000477,
            "med": 0.002288,
            "max": 5.776251,
            "p(90)": 0.003383,
            "p(95)": 0.00381
        },
        "http_req_receiving": {
            "p(95)": 0.3796197999999999,
            "avg": 0.23022877730673624,
            "min": 0.005994,
            "med": 0.038483,
            "max": 57.953926,
            "p(90)": 0.06808380000000003
        },
        "data_sent": {
            "count": 23306656,
            "rate": 145606.70719089266
        },
        "http_req_duration": {
            "avg": 125.7833446361872,
            "min": 0.503766,
            "med": 121.631958,
            "max": 498.711205,
            "p(90)": 226.7215682000001,
            "p(95)": 257.6509504
        },
        "http_req_sending": {
            "avg": 0.009452954678139388,
            "min": 0.002068,
            "med": 0.008831,
            "max": 3.242197,
            "p(90)": 0.01383,
            "p(95)": 0.015542199999999997
        },
        "vus_max": {
            "value": 100,
            "min": 100,
            "max": 100
        },
        "checks": {
            "passes": 111337,
            "fails": 0,
            "value": 1
        },
        "server_status_duration": {
            "avg": 143.51163605130404,
            "min": 1.104422,
            "med": 141.11645900000002,
            "max": 498.711205,
            "p(90)": 249.6319212,
            "p(95)": 279.8165084999999
        },
        "http_reqs": {
            "count": 111337,
            "rate": 695.570139213125
        },
        "http_req_tls_handshaking": {
            "p(95)": 0,
            "avg": 0,
            "min": 0,
            "med": 0,
            "max": 0,
            "p(90)": 0
        },
        "http_req_waiting": {
            "avg": 125.54366290419999,
            "min": 0.490631,
            "med": 121.369272,
            "max": 498.692947,
            "p(90)": 226.4093956,
            "p(95)": 257.41766399999995
        }
    },
    "setup_data": {
        "session": {
            "baseUrl": "http://10.10.10.14:8080",
            "token": "4d1dd9f8-9952-4152-918a-541dba5152fa",
            "type": "bearer-token"
        },
        "startedAt": "2026-04-19T02:47:37.342Z"
    },
    "root_group": {
        "name": "",
        "path": "",
        "id": "d41d8cd98f00b204e9800998ecf8427e",
        "groups": {
            "setup": {
                "groups": {},
                "checks": {
                        "oauth2 token success": {
                            "name": "oauth2 token success",
                            "path": "::setup::oauth2 token success",
                            "id": "758aba9aaf088620f357be4ec842dc84",
                            "passes": 1,
                            "fails": 0
                        }
                    },
                "name": "setup",
                "path": "::setup",
                "id": "5c0f8025f7e0b6654089e5b00e950f1a"
            }
        },
        "checks": {
            "list ok": {
                "passes": 37112,
                "fails": 0,
                "name": "list ok",
                "path": "::list ok",
                "id": "6510c1b97d1c3323e81ffdb5e5a8cad2"
            },
            "details ok": {
                "name": "details ok",
                "path": "::details ok",
                "id": "06a002318a7d22884f25624db70f6440",
                "passes": 37112,
                "fails": 0
            },
            "status ok": {
                "id": "017d7c5e080cbf543220d509d2bfff42",
                "passes": 37112,
                "fails": 0,
                "name": "status ok",
                "path": "::status ok"
            }
        }
    }
}