{
    "metrics": {
        "http_req_receiving": {
            "avg": 0.08486593095192826,
            "min": 0.010236,
            "med": 0.0542625,
            "max": 13.833053,
            "p(90)": 0.10766520000000002,
            "p(95)": 0.130535
        },
        "server_status_duration": {
            "p(90)": 263.2789114,
            "p(95)": 271.71558774999994,
            "avg": 210.5595519510566,
            "min": 7.205894,
            "med": 234.053611,
            "max": 380.322933
        },
        "http_req_failed": {
            "passes": 0,
            "fails": 63072,
            "value": 0
        },
        "http_req_waiting": {
            "avg": 221.92353492235875,
            "min": 6.967093,
            "med": 241.1854695,
            "max": 401.441984,
            "p(90)": 288.1779806,
            "p(95)": 300.5048563
        },
        "http_req_tls_handshaking": {
            "med": 0,
            "max": 0,
            "p(90)": 0,
            "p(95)": 0,
            "avg": 0,
            "min": 0
        },
        "list_servers_duration": {
            "p(90)": 305.3457366,
            "p(95)": 315.1125722,
            "avg": 245.12846042451437,
            "min": 9.802552,
            "med": 270.088114,
            "max": 401.533516
        },
        "vus_max": {
            "min": 100,
            "max": 100,
            "value": 100
        },
        "http_req_duration{expected_response:true}": {
            "max": 401.533516,
            "p(90)": 288.32672460000003,
            "p(95)": 300.66167709999996,
            "avg": 222.02019491795073,
            "min": 7.150245,
            "med": 241.257144
        },
        "http_req_connecting": {
            "avg": 0.00031955848871131404,
            "min": 0,
            "med": 0,
            "max": 5.766629,
            "p(90)": 0,
            "p(95)": 0
        },
        "http_req_sending": {
            "avg": 0.011794064640411061,
            "min": 0.002228,
            "med": 0.011036,
            "max": 1.531291,
            "p(90)": 0.017803,
            "p(95)": 0.019716449999999996
        },
        "vus": {
            "value": 1,
            "min": 1,
            "max": 100
        },
        "data_sent": {
            "count": 28295614,
            "rate": 176816.54157312083
        },
        "http_reqs": {
            "count": 63072,
            "rate": 394.1307974479676
        },
        "iteration_duration": {
            "avg": 666.9407938783761,
            "min": 25.657466,
            "med": 744.2459045,
            "max": 973.823043,
            "p(90)": 804.4434037999999,
            "p(95)": 820.2400950499999
        },
        "data_received": {
            "count": 911221740,
            "rate": 5694136.08317676
        },
        "checks": {
            "passes": 63072,
            "fails": 0,
            "value": 1
        },
        "http_req_duration": {
            "med": 241.257144,
            "max": 401.533516,
            "p(90)": 288.32672460000003,
            "p(95)": 300.66167709999996,
            "avg": 222.02019491795073,
            "min": 7.150245
        },
        "http_req_blocked": {
            "min": 0.000557,
            "med": 0.002678,
            "max": 5.81481,
            "p(90)": 0.004208,
            "p(95)": 0.004733,
            "avg": 0.0032644101661592896
        },
        "server_details_duration": {
            "min": 7.150245,
            "med": 233.625597,
            "max": 365.124568,
            "p(90)": 263.6551682,
            "p(95)": 271.45749865,
            "avg": 210.37257237828263
        },
        "iterations": {
            "count": 21024,
            "rate": 131.3769324826559
        }
    },
    "setup_data": {
        "session": {
            "baseUrl": "http://10.10.10.10",
            "token": "1|n38ZgfkmkIzFvmkRmXloNsvQBT8JnRgIlHTTBtnz",
            "type": "api-key"
        },
        "startedAt": "2026-04-19T12:19:18.824Z"
    },
    "root_group": {
        "path": "",
        "id": "d41d8cd98f00b204e9800998ecf8427e",
        "groups": {},
        "checks": {
                "list ok": {
                    "name": "list ok",
                    "path": "::list ok",
                    "id": "6510c1b97d1c3323e81ffdb5e5a8cad2",
                    "passes": 21024,
                    "fails": 0
                },
                "details ok": {
                    "passes": 21024,
                    "fails": 0,
                    "name": "details ok",
                    "path": "::details ok",
                    "id": "06a002318a7d22884f25624db70f6440"
                },
                "status ok": {
                    "name": "status ok",
                    "path": "::status ok",
                    "id": "017d7c5e080cbf543220d509d2bfff42",
                    "passes": 21024,
                    "fails": 0
                }
            },
        "name": ""
    }
}