{
    "metrics": {
        "http_req_duration{expected_response:true}": {
            "avg": 1.273331213158477,
            "min": 0.486101,
            "med": 1.368337,
            "max": 58.12889,
            "p(90)": 1.660351,
            "p(95)": 1.8610265
        },
        "http_req_blocked": {
            "p(90)": 0.003793,
            "p(95)": 0.004813,
            "avg": 0.003513666413838679,
            "min": 0.000897,
            "med": 0.002688,
            "max": 6.058768
        },
        "list_servers_duration": {
            "med": 1.410084,
            "max": 16.908796,
            "p(90)": 1.7150890000000008,
            "p(95)": 2.0036197,
            "avg": 1.4812358958379264,
            "min": 1.116479
        },
        "server_details_duration": {
            "avg": 0.7840510160023467,
            "min": 0.486101,
            "med": 0.737107,
            "max": 14.97065,
            "p(90)": 0.943236,
            "p(95)": 1.0820556
        },
        "http_req_tls_handshaking": {
            "max": 0,
            "p(90)": 0,
            "p(95)": 0,
            "avg": 0,
            "min": 0,
            "med": 0
        },
        "iterations": {
            "count": 13623,
            "rate": 20.588236338935683
        },
        "data_received": {
            "count": 68336347,
            "rate": 103275.70010831082
        },
        "http_req_connecting": {
            "max": 6.029512,
            "p(90)": 0,
            "p(95)": 0,
            "avg": 0.0004545797753908639,
            "min": 0,
            "med": 0
        },
        "api_read_duration": {
            "max": 16.908796,
            "p(90)": 1.6602420000000002,
            "p(95)": 1.8606145999999997,
            "avg": 1.2719144380581884,
            "min": 0.486101,
            "med": 1.36833
        },
        "errors": {
            "passes": 0,
            "fails": 13623,
            "value": 0
        },
        "vus": {
            "value": 1,
            "min": 1,
            "max": 100
        },
        "http_req_sending": {
            "min": 0.00289,
            "med": 0.009061,
            "max": 0.119232,
            "p(90)": 0.012931,
            "p(95)": 0.0149585,
            "avg": 0.009377505076949443
        },
        "group_duration": {
            "avg": 1.3675872471066006,
            "min": 0.533306,
            "med": 1.470818,
            "max": 17.030046,
            "p(90)": 1.772135,
            "p(95)": 1.9818767999999995
        },
        "http_req_receiving": {
            "avg": 0.027542963299160544,
            "min": 0.004827,
            "med": 0.025666,
            "max": 15.642581,
            "p(90)": 0.036586,
            "p(95)": 0.041028499999999996
        },
        "http_req_waiting": {
            "p(90)": 1.616974,
            "p(95)": 1.813715,
            "avg": 1.2364107447823511,
            "min": 0.465148,
            "med": 1.33368,
            "max": 58.001261
        },
        "server_status_duration": {
            "avg": 1.5504564023342866,
            "min": 1.125193,
            "med": 1.489464,
            "max": 13.861133,
            "p(90)": 1.7802222,
            "p(95)": 1.9685511
        },
        "data_sent": {
            "rate": 12930.199800366589,
            "count": 8555765
        },
        "iteration_duration": {
            "p(95)": 4073.5292092,
            "avg": 3103.5090165272177,
            "min": 1683.01643,
            "med": 3103.60773,
            "max": 4578.574118,
            "p(90)": 3921.0952574000007
        },
        "checks": {
            "passes": 40870,
            "fails": 0,
            "thresholds": {
                "rate>0.99": false
            },
            "value": 1
        },
        "http_reqs": {
            "count": 40871,
            "rate": 61.76773158692213
        },
        "vus_max": {
            "value": 100,
            "min": 100,
            "max": 100
        },
        "http_req_duration": {
            "avg": 1.273331213158477,
            "min": 0.486101,
            "med": 1.368337,
            "max": 58.12889,
            "p(90)": 1.660351,
            "p(95)": 1.8610265,
            "thresholds": {
                "p(95)<500": false,
                "p(99)<1500": false
            }
        },
        "http_req_failed": {
            "passes": 0,
            "fails": 40871,
            "thresholds": {
                "rate<0.01": false
            },
            "value": 0
        }
    },
    "setup_data": {
        "session": {
            "baseUrl": "http://10.10.10.14:8080",
            "token": "0c320876-2e98-40f2-a7cb-15aee9e985d4",
            "type": "bearer-token"
        },
        "startedAt": "2026-04-18T17:53:45.535Z"
    },
    "root_group": {
        "name": "",
        "path": "",
        "id": "d41d8cd98f00b204e9800998ecf8427e",
        "groups": {
            "setup": {
                "groups": {},
                "checks": {
                        "oauth2 token success": {
                            "name": "oauth2 token success",
                            "path": "::setup::oauth2 token success",
                            "id": "758aba9aaf088620f357be4ec842dc84",
                            "passes": 1,
                            "fails": 0
                        }
                    },
                "name": "setup",
                "path": "::setup",
                "id": "5c0f8025f7e0b6654089e5b00e950f1a"
            },
            "list_servers": {
                "groups": {},
                "checks": {
                        "list 200": {
                            "id": "926e53c4ff8b967d2519d920d4145384",
                            "passes": 13623,
                            "fails": 0,
                            "name": "list 200",
                            "path": "::list_servers::list 200"
                        }
                    },
                "name": "list_servers",
                "path": "::list_servers",
                "id": "6e5ad34623e0e5236a88e9481f837f73"
            },
            "server_details": {
                "checks": {
                    "details 200": {
                        "path": "::server_details::details 200",
                        "id": "7023b60221abed16f41bb665136c3035",
                        "passes": 13623,
                        "fails": 0,
                        "name": "details 200"
                    }
                },
                "name": "server_details",
                "path": "::server_details",
                "id": "f5a046d69381ea80d987a490c523d97a",
                "groups": {}
            },
            "server_status": {
                "path": "::server_status",
                "id": "91f7719b26080f7aa5dc17f7b426c568",
                "groups": {},
                "checks": {
                        "status 200": {
                            "name": "status 200",
                            "path": "::server_status::status 200",
                            "id": "5732b39cb76e7a32f0a91be035e4f4fd",
                            "passes": 13623,
                            "fails": 0
                        }
                    },
                "name": "server_status"
            }
        },
        "checks": {}
    }
}