{
    "metrics": {
        "server_status_duration": {
            "p(90)": 3.4270190999999968,
            "p(95)": 7.45831304999999,
            "avg": 3.1572020000000003,
            "min": 1.852605,
            "med": 2.216138,
            "max": 11.489607
        },
        "vus": {
            "value": 1,
            "min": 1,
            "max": 1
        },
        "vus_max": {
            "value": 1,
            "min": 1,
            "max": 1
        },
        "http_req_blocked": {
            "p(95)": 0.07755694999999993,
            "avg": 0.015324687500000005,
            "min": 0.002652,
            "med": 0.004647,
            "max": 0.180761,
            "p(90)": 0.015914300000000024
        },
        "data_sent": {
            "count": 6801,
            "rate": 210.98941678841308
        },
        "group_duration": {
            "avg": 2.9414407333333346,
            "min": 1.133748,
            "med": 2.1757885,
            "max": 16.088377,
            "p(90)": 3.030357400000005,
            "p(95)": 9.228382749999986
        },
        "http_req_duration{expected_response:true}": {
            "avg": 4.56616928125,
            "min": 1.028976,
            "med": 2.0127245,
            "max": 59.59098,
            "p(90)": 5.853945500000006,
            "p(95)": 13.468037399999996
        },
        "checks": {
            "passes": 31,
            "fails": 0,
            "thresholds": {
                "rate>0.99": false
            },
            "value": 1
        },
        "http_req_receiving": {
            "max": 13.795745,
            "p(90)": 0.067522,
            "p(95)": 0.08009814999999998,
            "avg": 0.47931084374999994,
            "min": 0.02948,
            "med": 0.0474005
        },
        "http_req_tls_handshaking": {
            "avg": 0,
            "min": 0,
            "med": 0,
            "max": 0,
            "p(90)": 0,
            "p(95)": 0
        },
        "list_servers_duration": {
            "p(90)": 3.4880366999999954,
            "p(95)": 9.687077849999985,
            "avg": 3.3652063000000005,
            "min": 1.705448,
            "med": 2.0113475000000003,
            "max": 15.886119
        },
        "http_req_sending": {
            "avg": 0.01724490625,
            "min": 0.010686,
            "med": 0.0158295,
            "max": 0.041878,
            "p(90)": 0.021278900000000003,
            "p(95)": 0.02962959999999999
        },
        "api_read_duration": {
            "max": 15.886119,
            "p(90)": 2.894403200000005,
            "p(95)": 9.092835449999985,
            "avg": 2.7819337999999996,
            "min": 1.028976,
            "med": 2.0113475000000003
        },
        "http_req_duration": {
            "avg": 4.56616928125,
            "min": 1.028976,
            "med": 2.0127245,
            "max": 59.59098,
            "p(90)": 5.853945500000006,
            "p(95)": 13.468037399999996,
            "thresholds": {
                "p(95)<500": false,
                "p(99)<1500": false
            }
        },
        "http_req_connecting": {
            "min": 0,
            "med": 0,
            "max": 0.147319,
            "p(90)": 0,
            "p(95)": 0.04551344999999993,
            "avg": 0.0077643750000000004
        },
        "errors": {
            "passes": 0,
            "fails": 10,
            "value": 0
        },
        "http_reqs": {
            "count": 32,
            "rate": 0.9927453811541271
        },
        "server_details_duration": {
            "avg": 1.8233931,
            "min": 1.028976,
            "med": 1.3363725,
            "max": 6.163448,
            "p(90)": 2.2757305999999984,
            "p(95)": 4.2195892999999955
        },
        "iteration_duration": {
            "med": 3268.3585089999997,
            "max": 3955.842753,
            "p(90)": 3949.4652917999997,
            "p(95)": 3952.6540224,
            "avg": 3216.9014059,
            "min": 1991.669686
        },
        "iterations": {
            "count": 10,
            "rate": 0.31023293161066473
        },
        "http_req_waiting": {
            "avg": 4.06961353125,
            "min": 0.986149,
            "med": 1.9487765000000001,
            "max": 59.453897,
            "p(90)": 2.937178300000001,
            "p(95)": 8.504019549999995
        },
        "http_req_failed": {
            "fails": 32,
            "passes": 0,
            "thresholds": {
                "rate<0.01": false
            },
            "value": 0
        },
        "data_received": {
            "count": 54860,
            "rate": 1701.9378628161069
        }
    },
    "setup_data": {
        "session": {
            "baseUrl": "http://10.10.10.14:8080",
            "token": "13dd8310-1192-4c22-9f7f-b81e5e9bafca",
            "type": "bearer-token"
        },
        "startedAt": "2026-04-18T17:46:17.913Z"
    },
    "root_group": {
        "name": "",
        "path": "",
        "id": "d41d8cd98f00b204e9800998ecf8427e",
        "groups": {
            "setup": {
                "id": "5c0f8025f7e0b6654089e5b00e950f1a",
                "groups": {},
                "checks": {
                        "oauth2 token success": {
                            "passes": 1,
                            "fails": 0,
                            "name": "oauth2 token success",
                            "path": "::setup::oauth2 token success",
                            "id": "758aba9aaf088620f357be4ec842dc84"
                        }
                    },
                "name": "setup",
                "path": "::setup"
            },
            "list_servers": {
                "checks": {
                    "list 200": {
                        "id": "926e53c4ff8b967d2519d920d4145384",
                        "passes": 10,
                        "fails": 0,
                        "name": "list 200",
                        "path": "::list_servers::list 200"
                    }
                },
                "name": "list_servers",
                "path": "::list_servers",
                "id": "6e5ad34623e0e5236a88e9481f837f73",
                "groups": {}
            },
            "server_details": {
                "checks": {
                    "details 200": {
                        "path": "::server_details::details 200",
                        "id": "7023b60221abed16f41bb665136c3035",
                        "passes": 10,
                        "fails": 0,
                        "name": "details 200"
                    }
                },
                "name": "server_details",
                "path": "::server_details",
                "id": "f5a046d69381ea80d987a490c523d97a",
                "groups": {}
            },
            "server_status": {
                "name": "server_status",
                "path": "::server_status",
                "id": "91f7719b26080f7aa5dc17f7b426c568",
                "groups": {},
                "checks": {
                        "status 200": {
                            "name": "status 200",
                            "path": "::server_status::status 200",
                            "id": "5732b39cb76e7a32f0a91be035e4f4fd",
                            "passes": 10,
                            "fails": 0
                        }
                    }
            }
        },
        "checks": {}
    }
}