{
    "metrics": {
        "vus": {
            "value": 1,
            "min": 1,
            "max": 1
        },
        "iteration_duration": {
            "avg": 3034.2722921818176,
            "min": 2256.030884,
            "med": 2856.76114,
            "max": 4103.005495,
            "p(90)": 3785.985108,
            "p(95)": 3944.4953015
        },
        "iterations": {
            "count": 11,
            "rate": 0.3295152865689271
        },
        "http_req_sending": {
            "avg": 0.017061382352941173,
            "min": 0.010969,
            "med": 0.015194,
            "max": 0.047508,
            "p(90)": 0.0190692,
            "p(95)": 0.02666399999999996
        },
        "data_received": {
            "count": 486713,
            "rate": 14579.943061074746
        },
        "server_details_duration": {
            "avg": 1.0050628181818182,
            "min": 0.803957,
            "med": 1.008749,
            "max": 1.170703,
            "p(90)": 1.089444,
            "p(95)": 1.1300735
        },
        "http_req_blocked": {
            "min": 0.003398,
            "med": 0.00465,
            "max": 0.189386,
            "p(90)": 0.006190599999999999,
            "p(95)": 0.07103684999999967,
            "avg": 0.015396117647058819
        },
        "http_req_duration": {
            "avg": 1.1973322647058822,
            "min": 0.694099,
            "med": 1.0475065,
            "max": 2.501438,
            "p(90)": 1.6720064,
            "p(95)": 2.1734358499999997,
            "thresholds": {
                "p(99)<1500": false,
                "p(95)<500": false
            }
        },
        "http_req_tls_handshaking": {
            "avg": 0,
            "min": 0,
            "med": 0,
            "max": 0,
            "p(90)": 0,
            "p(95)": 0
        },
        "server_status_duration": {
            "max": 1.45923,
            "p(90)": 1.051191,
            "p(95)": 1.2552105,
            "avg": 0.9018497272727273,
            "min": 0.694099,
            "med": 0.891706
        },
        "list_servers_duration": {
            "avg": 1.5911362727272726,
            "min": 1.278073,
            "med": 1.473683,
            "max": 2.501438,
            "p(90)": 2.142569,
            "p(95)": 2.3220035
        },
        "checks": {
            "passes": 33,
            "fails": 0,
            "thresholds": {
                "rate>0.99": false
            },
            "value": 1
        },
        "data_sent": {
            "rate": 218.22898751405762,
            "count": 7285
        },
        "api_read_duration": {
            "med": 1.043822,
            "max": 2.501438,
            "p(90)": 1.5013418,
            "p(95)": 1.9030015999999994,
            "avg": 1.1660162727272725,
            "min": 0.694099
        },
        "http_reqs": {
            "rate": 1.0185017948494108,
            "count": 34
        },
        "errors": {
            "passes": 0,
            "fails": 11,
            "value": 0
        },
        "group_duration": {
            "min": 0.813639,
            "med": 1.160966,
            "max": 3.271372,
            "p(90)": 2.2444264,
            "p(95)": 2.4454095999999996,
            "avg": 1.4470826969696975
        },
        "vus_max": {
            "value": 1,
            "min": 1,
            "max": 1
        },
        "http_req_duration{expected_response:true}": {
            "avg": 1.1973322647058822,
            "min": 0.694099,
            "med": 1.0475065,
            "max": 2.501438,
            "p(90)": 1.6720064,
            "p(95)": 2.1734358499999997
        },
        "http_req_connecting": {
            "med": 0,
            "max": 0.131722,
            "p(90)": 0,
            "p(95)": 0.040652149999999755,
            "avg": 0.007290323529411765,
            "min": 0
        },
        "http_req_failed": {
            "passes": 0,
            "fails": 34,
            "thresholds": {
                "rate<0.01": false
            },
            "value": 0
        },
        "http_req_waiting": {
            "med": 0.9794455,
            "max": 2.389487,
            "p(90)": 1.5696269999999997,
            "p(95)": 2.01174105,
            "avg": 1.118653147058824,
            "min": 0.643747
        },
        "http_req_receiving": {
            "avg": 0.061617735294117654,
            "min": 0.026972,
            "med": 0.043784500000000004,
            "max": 0.254006,
            "p(90)": 0.10267919999999998,
            "p(95)": 0.14580319999999986
        }
    },
    "setup_data": {
        "session": {
            "type": "api-key",
            "baseUrl": "http://10.10.10.11",
            "token": "2|JlSKKrSNDU7jYLdvQw86kWNabqnp0Ayfgxl9K56lXeT8AT4V"
        },
        "startedAt": "2026-04-19T00:52:15.394Z"
    },
    "root_group": {
        "name": "",
        "path": "",
        "id": "d41d8cd98f00b204e9800998ecf8427e",
        "groups": {
            "list_servers": {
                "name": "list_servers",
                "path": "::list_servers",
                "id": "6e5ad34623e0e5236a88e9481f837f73",
                "groups": {},
                "checks": {
                        "list 200": {
                            "id": "926e53c4ff8b967d2519d920d4145384",
                            "passes": 11,
                            "fails": 0,
                            "name": "list 200",
                            "path": "::list_servers::list 200"
                        }
                    }
            },
            "server_details": {
                "checks": {
                    "details 200": {
                        "name": "details 200",
                        "path": "::server_details::details 200",
                        "id": "7023b60221abed16f41bb665136c3035",
                        "passes": 11,
                        "fails": 0
                    }
                },
                "name": "server_details",
                "path": "::server_details",
                "id": "f5a046d69381ea80d987a490c523d97a",
                "groups": {}
            },
            "server_status": {
                "id": "91f7719b26080f7aa5dc17f7b426c568",
                "groups": {},
                "checks": {
                        "status 200": {
                            "id": "5732b39cb76e7a32f0a91be035e4f4fd",
                            "passes": 11,
                            "fails": 0,
                            "name": "status 200",
                            "path": "::server_status::status 200"
                        }
                    },
                "name": "server_status",
                "path": "::server_status"
            }
        },
        "checks": {}
    }
}