{
    "root_group": {
        "checks": {
            "list ok": {
                "fails": 0,
                "name": "list ok",
                "path": "::list ok",
                "id": "6510c1b97d1c3323e81ffdb5e5a8cad2",
                "passes": 4041
            },
            "details ok": {
                "name": "details ok",
                "path": "::details ok",
                "id": "06a002318a7d22884f25624db70f6440",
                "passes": 4041,
                "fails": 0
            },
            "status ok": {
                "id": "017d7c5e080cbf543220d509d2bfff42",
                "passes": 4041,
                "fails": 0,
                "name": "status ok",
                "path": "::status ok"
            }
        },
        "name": "",
        "path": "",
        "id": "d41d8cd98f00b204e9800998ecf8427e",
        "groups": {}
    },
    "metrics": {
        "data_received": {
            "count": 186457245,
            "rate": 1164639.5017093646
        },
        "http_req_duration{expected_response:true}": {
            "p(95)": 2303.9864205,
            "avg": 1163.6181348365928,
            "min": 11.504871,
            "med": 945.251174,
            "max": 2728.288549,
            "p(90)": 2186.53881
        },
        "server_details_duration": {
            "min": 13.5677,
            "med": 865.336101,
            "max": 1399.361906,
            "p(90)": 1115.706344,
            "p(95)": 1207.669286,
            "avg": 798.7289227324927
        },
        "checks": {
            "passes": 12123,
            "fails": 0,
            "value": 1
        },
        "http_req_blocked": {
            "avg": 0.0057758982925018455,
            "min": 0.000536,
            "med": 0.003096,
            "max": 6.80535,
            "p(90)": 0.004895,
            "p(95)": 0.0054578
        },
        "http_req_waiting": {
            "avg": 1163.504479603398,
            "min": 11.44931,
            "med": 945.177594,
            "max": 2728.147731,
            "p(90)": 2186.4266176,
            "p(95)": 2303.8822905999996
        },
        "data_sent": {
            "rate": 16785.054238900804,
            "count": 2687265
        },
        "vus": {
            "value": 1,
            "min": 1,
            "max": 100
        },
        "list_servers_duration": {
            "avg": 1941.0710217936164,
            "min": 86.379206,
            "med": 2076.068482,
            "max": 2728.288549,
            "p(90)": 2350.470289,
            "p(95)": 2422.207744
        },
        "vus_max": {
            "max": 100,
            "value": 100,
            "min": 100
        },
        "http_req_connecting": {
            "med": 0,
            "max": 6.744962,
            "p(90)": 0,
            "p(95)": 0,
            "avg": 0.0020438138249608195,
            "min": 0
        },
        "http_reqs": {
            "rate": 75.72204919804874,
            "count": 12123
        },
        "iterations": {
            "count": 4041,
            "rate": 25.24068306601625
        },
        "http_req_tls_handshaking": {
            "max": 0,
            "p(90)": 0,
            "p(95)": 0,
            "avg": 0,
            "min": 0,
            "med": 0
        },
        "http_req_sending": {
            "p(90)": 0.020924000000000005,
            "p(95)": 0.022998799999999996,
            "avg": 0.013785758228161377,
            "min": 0.002545,
            "med": 0.012641,
            "max": 0.072458
        },
        "http_req_duration": {
            "med": 945.251174,
            "max": 2728.288549,
            "p(90)": 2186.53881,
            "p(95)": 2303.9864205,
            "avg": 1163.6181348365928,
            "min": 11.504871
        },
        "server_status_duration": {
            "min": 11.504871,
            "med": 811.324122,
            "max": 1368.090174,
            "p(90)": 1061.196738,
            "p(95)": 1151.661,
            "avg": 751.054459983668
        },
        "http_req_failed": {
            "passes": 0,
            "fails": 12123,
            "value": 0
        },
        "iteration_duration": {
            "avg": 3491.7560955929234,
            "min": 114.154095,
            "med": 3839.478845,
            "max": 4879.871737,
            "p(90)": 4270.046432,
            "p(95)": 4406.289214
        },
        "http_req_receiving": {
            "avg": 0.09986947496494261,
            "min": 0.012286,
            "med": 0.065253,
            "max": 8.822324,
            "p(90)": 0.1398272,
            "p(95)": 0.16803569999999995
        }
    },
    "setup_data": {
        "session": {
            "token": "pacc_bm6PW6wk45eEdUbLlZB8FPo5MnPYOdbgGCb6zwgwdTR",
            "type": "api-key",
            "baseUrl": "http://10.10.10.13"
        },
        "startedAt": "2026-04-19T05:56:57.092Z"
    }
}