{
    "metrics": {
        "data_received": {
            "count": 187979380,
            "rate": 1174237.361325379
        },
        "http_req_connecting": {
            "p(95)": 0,
            "avg": 0.0018824155621011292,
            "min": 0,
            "med": 0,
            "max": 5.359799,
            "p(90)": 0
        },
        "http_req_failed": {
            "passes": 0,
            "fails": 12222,
            "value": 0
        },
        "server_status_duration": {
            "avg": 745.5294548249886,
            "min": 10.730858,
            "med": 815.9792745,
            "max": 1338.281054,
            "p(90)": 1074.9411960000002,
            "p(95)": 1149.36266085
        },
        "vus_max": {
            "value": 100,
            "min": 100,
            "max": 100
        },
        "http_req_tls_handshaking": {
            "avg": 0,
            "min": 0,
            "med": 0,
            "max": 0,
            "p(90)": 0,
            "p(95)": 0
        },
        "iterations": {
            "count": 4074,
            "rate": 25.448764699828217
        },
        "http_req_duration": {
            "avg": 1154.0830124472254,
            "min": 10.730858,
            "med": 938.3385880000001,
            "max": 2781.288991,
            "p(90)": 2180.3379905,
            "p(95)": 2291.0100448499993
        },
        "http_req_duration{expected_response:true}": {
            "p(90)": 2180.3379905,
            "p(95)": 2291.0100448499993,
            "avg": 1154.0830124472254,
            "min": 10.730858,
            "med": 938.3385880000001,
            "max": 2781.288991
        },
        "http_req_sending": {
            "avg": 0.013952654475535904,
            "min": 0.002637,
            "med": 0.0128445,
            "max": 0.127139,
            "p(90)": 0.0209139,
            "p(95)": 0.023314949999999997
        },
        "data_sent": {
            "count": 2709210,
            "rate": 16923.428525385763
        },
        "http_req_waiting": {
            "avg": 1153.9694868515005,
            "min": 10.667205,
            "med": 938.2726955,
            "max": 2781.142311,
            "p(90)": 2180.2243741,
            "p(95)": 2290.867444849999
        },
        "vus": {
            "value": 2,
            "min": 2,
            "max": 100
        },
        "http_req_blocked": {
            "avg": 0.005642496154475554,
            "min": 0.000681,
            "med": 0.003133,
            "max": 5.416285,
            "p(90)": 0.004944,
            "p(95)": 0.005534
        },
        "server_details_duration": {
            "avg": 793.7153877918495,
            "min": 13.512847,
            "med": 859.1960005,
            "max": 1386.944767,
            "p(90)": 1137.5742841,
            "p(95)": 1196.73868215
        },
        "iteration_duration": {
            "p(90)": 4232.746133600001,
            "p(95)": 4365.25175695,
            "avg": 3463.1541115110495,
            "min": 109.596118,
            "med": 3805.9986995,
            "max": 4879.232714
        },
        "http_req_receiving": {
            "avg": 0.0995729412534774,
            "min": 0.013641,
            "med": 0.064492,
            "max": 5.940048,
            "p(90)": 0.13764939999999998,
            "p(95)": 0.16624969999999997
        },
        "list_servers_duration": {
            "avg": 1923.0041947248444,
            "min": 83.043218,
            "med": 2066.1181945,
            "max": 2781.288991,
            "p(90)": 2333.4411039,
            "p(95)": 2409.5851427499997
        },
        "checks": {
            "passes": 12222,
            "fails": 0,
            "value": 1
        },
        "http_reqs": {
            "count": 12222,
            "rate": 76.34629409948465
        }
    },
    "setup_data": {
        "session": {
            "type": "api-key",
            "baseUrl": "http://10.10.10.13",
            "token": "pacc_bm6PW6wk45eEdUbLlZB8FPo5MnPYOdbgGCb6zwgwdTR"
        },
        "startedAt": "2026-04-19T14:25:37.950Z"
    },
    "root_group": {
        "path": "",
        "id": "d41d8cd98f00b204e9800998ecf8427e",
        "groups": {},
        "checks": {
                "list ok": {
                    "name": "list ok",
                    "path": "::list ok",
                    "id": "6510c1b97d1c3323e81ffdb5e5a8cad2",
                    "passes": 4074,
                    "fails": 0
                },
                "details ok": {
                    "name": "details ok",
                    "path": "::details ok",
                    "id": "06a002318a7d22884f25624db70f6440",
                    "passes": 4074,
                    "fails": 0
                },
                "status ok": {
                    "id": "017d7c5e080cbf543220d509d2bfff42",
                    "passes": 4074,
                    "fails": 0,
                    "name": "status ok",
                    "path": "::status ok"
                }
            },
        "name": ""
    }
}